{"cameraMode":{"drawMode":0,"name":"Shaded","section":"Shading Mode"},"sceneLighting":true,"audioPlay":false,"sceneViewState":{"m_AlwaysRefresh":false,"showFog":true,"showSkybox":true,"showFlares":true,"showImageEffects":true,"showParticleSystems":true,"showVisualEffectGraphs":true,"m_FxEnabled":true},"in2DMode":false,"pivot":{"x":0.11321789026260376,"y":-0.4304518699645996,"z":0.9808182716369629},"rotation":{"x":-0.008222352713346482,"y":0.9856237173080444,"z":-0.1610826998949051,"w":-0.05031044781208038},"size":4.031579971313477,"orthographic":true}